idArea,area,vicepresidencia
d689c2ca797d4b,PLANEACION Y ESTUDIOS TYD (CLS51000895),TRANSMISION Y DISTRIBUCION (CLS80000008)
3e1497f1ef324a,TRANSMISION Y DISTRIBUCION (CLS51000577),TRANSMISION Y DISTRIBUCION (CLS80000008)
1e6b9de87c7b44,OPERACION DEL MEM (CLS51000848),GENERACION (CLS80000006)
5d07bb83108843,PRUEBAS E INGENIERIA TYD (CLS53000571),TRANSMISION Y DISTRIBUCION (CLS80000008)
a18a4eb3624d4d,INGENIERIA TYD (CLS51000896),TRANSMISION Y DISTRIBUCION (CLS80000008)
8e8ad1dfa0134b,OPERACION Y MANTENIMIENTO DE LA MEDIDA ZONA TOLIMA NORTE (CLS53000268),TRANSMISION Y DISTRIBUCION (CLS80000008)
839dc950f12042,PLANEACION Y PROGRAMACION MANTENIMIENTO MEDIA Y BAJA TENSION (CLS53000231),TRANSMISION Y DISTRIBUCION (CLS80000008)
81b6778de4e74b,DEVOPS TECNOLOGIA NEGOCIO (CLS53000545),TALENTO HUMANO Y SOLUCIONES ORGANIZACIONALES (CLS80000007)
de3bb28351734d,SUBESTACIONES TOLIMA SUR (CLS53000577),TRANSMISION Y DISTRIBUCION (CLS80000008)
f8cadc9272944e,INFRAESTRUCTURA Y SERVICIOS ADMINISTRATIVOS (CLS51000783),TALENTO HUMANO Y SOLUCIONES ORGANIZACIONALES (CLS80000007)
98b34496a41a4a,EXPERIENCIA DE CLIENTE (CLS51000728),COMERCIAL (CLS80000004)
08a1d62c7ac44f,SUBESTACIONES TOLIMA NORTE (CLS53000578),TRANSMISION Y DISTRIBUCION (CLS80000008)
f40fb661e49a4e,ANALISIS CONTABLE (CLS53000419),FINANCIERA (CLS80000005)
6657b8b7339d47,REGIONAL TOLIMA (CLS53000301),COMERCIAL (CLS80000004)
7799335696b744,FINANZAS DE NEGOCIO (CLS51000676),FINANCIERA (CLS80000005)
3e75beba411c42,PROYECTOS TYD (CLS51000662),TRANSMISION Y DISTRIBUCION (CLS80000008)
252c950e21f241,ASUNTOS LEGALES DE NEGOCIO (CLS53000015),ASUNTOS CORPORATIVOS (CLS80000002)
54c8a5b9586a46,CATEGORIA (CLS53000327),FINANCIERA (CLS80000005)
2aca1654a48b49,INFORMACION TECNICA (CLS53000404),TRANSMISION Y DISTRIBUCION (CLS80000008)
e0904c49ab3e43,MEDIDA Y CONFIABILIDAD TYD (CLS53000395),TRANSMISION Y DISTRIBUCION (CLS80000008)
cfcd6e2df57046,CENTRO DE CONTROL (CLS53000348),TRANSMISION Y DISTRIBUCION (CLS80000008)
78e0cd97703942,EVALUACION DE LA MEDIDA (CLS53000250),TRANSMISION Y DISTRIBUCION (CLS80000008)
d54d57876a8c4b,SOCIOAMBIENTAL TYD (CLS53000570),TRANSMISION Y DISTRIBUCION (CLS80000008)
d1167c9af1c844,COBRO Y RECAUDO (CLS53000242),COMERCIAL (CLS80000004)
0077b674c93b44,ASUNTOS LEGALES CORPORATIVOS (CLS51000479),ASUNTOS CORPORATIVOS (CLS80000002)
bcd888617e8848,ASUNTOS LABORALES (CLS51000478),TALENTO HUMANO Y SOLUCIONES ORGANIZACIONALES (CLS80000007)
c256858d0cf24d,PROYECTO REDUCCION DE PERDIDAS TOLIMA (CLS53000611),TRANSMISION Y DISTRIBUCION (CLS80000008)
9c9c5357b16047,OPERACION CAMPO (CLS53000528),ENERBIT (CLS80000022)
f1a51342f5094c,ALMACEN (CLS53000244),FINANCIERA (CLS80000005)
28635cd84b2748,PROYECTOS GRANJAS FOTOVOLTAICAS (CLS53000022),TRANSMISION Y DISTRIBUCION (CLS80000008)
faa5d952245f45,PLANEACION Y PROGRAMACION MANTENIMIENTO ALTA TENSION (CLS53000580),TRANSMISION Y DISTRIBUCION (CLS80000008)
b98a87a75fe245,OPERACION Y MANTENIMIENTO DE LA MEDIDA ZONA TOLIMA SUR (CLS53000272),TRANSMISION Y DISTRIBUCION (CLS80000008)
4d02218f5c7143,AUDITORIA CORPORATIVA (CLS50000058),AUDITORIA CORPORATIVA (CLS80000020)
36b5f879bc1147,CENTRO DE OPERACIONES (CLS51000888),TRANSMISION Y DISTRIBUCION (CLS80000008)
08cbbfa5da854b,PROYECTOS PARTICULARES (CLS53000459),TRANSMISION Y DISTRIBUCION (CLS80000008)
7865e8fb6bad4c,CATEGORIA (CLS53000374),FINANCIERA (CLS80000005)
f7ec2211712a4c,INNOVACION (CLS51000578),INNOVACION (CLS80000021)
bc0d131d6b404a,SOLUCIONES A COLABORADORES (CLS53000281),TALENTO HUMANO Y SOLUCIONES ORGANIZACIONALES (CLS80000007)
987ec61e56db48,MANTENIMIENTO ELECTRICO TERMICAS (CLS53000486),GENERACION (CLS80000006)
521a9995a0de40,OPERACION Y MANTENIMIENTO RUTINARIO CENTRALES GENERACION (CLS53000596),GENERACION (CLS80000006)
bac577074e5940,NEGOCIOS RETAIL (CLS53000618),COMERCIAL (CLS80000004)
286c55274f4043,DESARROLLO DE MERCADOS (CLS53000192),FINANCIERA (CLS80000005)
4822a4d900a34c,COMUNICACIONES INTERNAS (CLS51000797),ASUNTOS CORPORATIVOS (CLS80000002)
232589afdb6e4d,FINANZAS ESTRUCTURADAS (CLS53000420),FINANCIERA (CLS80000005)
d622187445b446,PROGRAMACION Y CONTROL GENERACION (CLS53000353),GENERACION (CLS80000006)
e5ab9c5620bf47,SOSTENIBILIDAD (CLS53000013),ASUNTOS CORPORATIVOS (CLS80000002)
0074dc45388f40,CENTRAL TERMICA TESORITO (CLS53000479),GENERACION (CLS80000006)
3025746acf3c4c,DEVOPS TECNOLOGIA NEGOCIO (CLS53000547),TALENTO HUMANO Y SOLUCIONES ORGANIZACIONALES (CLS80000007)
8147b80a0df142,TECNOLOGIA (CLS53000526),ENERBIT (CLS80000022)
f653ce2a44a74c,PRESUPUESTOS PROGRAMACION Y CONTROL GENERACION (CLS53000353),GENERACION (CLS80000006)
9889d5613dd741,RETAIL (CLS53000280),COMERCIAL (CLS80000004)
b36dde6d075347,ACADEMIA E4 (CLS53000009),TALENTO HUMANO Y SOLUCIONES ORGANIZACIONALES (CLS80000007)
755c71126c9540,REGIONAL ANTIOQUIA (CLS53000292),COMERCIAL (CLS80000004)
60a7d7690e9245,CONSTRUCCION PROYECTOS SOCIALES (CLS53000625),GENERACION (CLS80000006)
54f277174c9840,PROYECTOS MOVILIDAD ELECTRICA (CLS53000450),COMERCIAL (CLS80000004)
8891cd745e7b4b,EXPERIENCIA DE COLABORADORES Y CULTURA (CLS53000466),TALENTO HUMANO Y SOLUCIONES ORGANIZACIONALES (CLS80000007)
340af5d3a19f40,FUNDACION (CLS53000029),ASUNTOS CORPORATIVOS (CLS80000002)
fd167603fd934f,REGIONAL VALLE HOGARES (CLS53000294),COMERCIAL (CLS80000004)
772cbcad313b4d,MOVILIDAD ELECTRICA (CLS53000211),COMERCIAL (CLS80000004)
fb34387c6c5a4e,MANTENIMIENTO CENTRAL TERMICA (CLS53000485),GENERACION (CLS80000006)
a7d0acf3521343,PLANEACION FISCAL (CLS51000341),FINANCIERA (CLS80000005)
a9e90c605ef443,SOCIOAMBIENTAL PROYECTOS GENERACION (CLS53000593),GENERACION (CLS80000006)
3e1dc486950b46,ANALISIS DE MERCADOS (CLS53000193),FINANCIERA (CLS80000005)
a9d03de868844a,ASUNTOS REGULATORIOS (CLS51000226),ASUNTOS REGULATORIOS (CLS80000003)
3cd485e7eb6b4d,EJECUCION Y OPERACION PROYECTOS EFICIENCIA ENERGETICA (CLS53000518),COMERCIAL (CLS80000004)
b72c82df32fb45,ESTRUCTURACION DE PROYECTOS EFICIENCIA ENERGETICA (CLS53000472),COMERCIAL (CLS80000004)
89df1343c79543,DIGITALIZACION EFICIENCIA ENERGETICA (CLS53000483),COMERCIAL (CLS80000004)
b2301a8c9a0f4d,INGENIERIA BASICA Y DE OFERTAS SISTEMAS FOTOVOLTAICOS (CLS53000023),TRANSMISION Y DISTRIBUCION (CLS80000008)
7efeee8cb8884e,DESARROLLO ORGANIZACIONAL (CLS51000477),TALENTO HUMANO Y SOLUCIONES ORGANIZACIONALES (CLS80000007)
93726479736a48,CRECIMIENTO Y EXPERIENCIA (CLS53000524),ENERBIT (CLS80000022)
51c3872dd5e448,EXPERIENCIAS DE SERVICIO ZONA (CLS53000319),COMERCIAL (CLS80000004)
f46328f616ce47,EXPERIENCIAS DE SERVICIO (CLS53000564),COMERCIAL (CLS80000004)
666de69adbd940,ANALITICA (CLS53000475),TALENTO HUMANO Y SOLUCIONES ORGANIZACIONALES (CLS80000007)
65a6e25447d94c,EXPERIENCIAS DE SERVICIO (CLS53000566),COMERCIAL (CLS80000004)
a90942558d2549,EXPERIENCIAS DE SERVICIO ZONA (CLS53000369),COMERCIAL (CLS80000004)
78f273a7a94f41,SOCIOAMBIENTAL OPERACION GENERACION (CLS53000601),GENERACION (CLS80000006)
004853c963264b,DEVOPS TECNOLOGIA NEGOCIO (CLS53000546),TALENTO HUMANO Y SOLUCIONES ORGANIZACIONALES (CLS80000007)
44fcf72ed2e847,SERVICIO POSVENTA CLIENTES B2B (CLS53000534),COMERCIAL (CLS80000004)
4b2b213dbc8047,LINEAS Y REDES TOLIMA SUR (CLS53000584),TRANSMISION Y DISTRIBUCION (CLS80000008)
e5a8c4667abc49,CONSTRUCCION PROYECTOS SOCIALES (CLS53000586),GENERACION (CLS80000006)
a9e308d57a8145,MANTENIMIENTO INSTRUMENTACION Y CONTROL TERMICAS (CLS53000488),GENERACION (CLS80000006)
7056d13aa0b74b,SOPORTE COMPRAS (CLS53000375),FINANCIERA (CLS80000005)
7e14712ff68d49,CENTRO DE CONTROL (CLS53000345),TRANSMISION Y DISTRIBUCION (CLS80000008)
59b074eb167d4f,FACTURACION MEDIDA (CLS53000558),COMERCIAL (CLS80000004)
051b0c9142934e,LINEAS Y REDES TOLIMA NORTE (CLS53000583),TRANSMISION Y DISTRIBUCION (CLS80000008)
dd65cd39ea0b4b,TESORERIA (CLS51000770),FINANCIERA (CLS80000005)
555c9098289f4e,RIESGOS Y SISTEMA GESTION DE ACTIVOS (CLS53000283),FINANCIERA (CLS80000005)
8af7b81e1d6148,EVALUACION INTEGRAL DEL NEGOCIO (CLS53000394),TRANSMISION Y DISTRIBUCION (CLS80000008)
5670eee6310743,EXPERIENCIA CLIENTES (CLS53000529),ENERBIT (CLS80000022)
85344ef356d346,ASEGURAMIENTO Y CALIDAD DE LA OPERACION (CLS51000887),TRANSMISION Y DISTRIBUCION (CLS80000008)
5506f40b83134c,NEGOCIOS REGULADOS (CLS53000308),ASUNTOS REGULATORIOS (CLS80000003)
72da4152ec2742,PLANEACION Y DESEMPEÑO TYD (CLS53000562),TRANSMISION Y DISTRIBUCION (CLS80000008)
1ff61b68b2634d,ADMINISTRACION ALIADOS (CLS51000908),COMERCIAL (CLS80000004)
c0ae6b3c411a46,DESARROLLO DE PRODUCTOS (CLS53000027),COMERCIAL (CLS80000004)
ba394b2721b34a,OBRAS CIVILES PROYECTOS (CLS53000207),GENERACION (CLS80000006)
3f8f57a42fa94a,RELACIONAMIENTO Y GESTION (CLS53000321),FINANCIERA (CLS80000005)
2ae1ea4054984c,RED DIGITAL 2.0 (CLS53000482),TRANSMISION Y DISTRIBUCION (CLS80000008)
36a742f16f5b45,COMUNICACIONES EXTERNAS (CLS51000796),ASUNTOS CORPORATIVOS (CLS80000002)
dc9b008c911b43,CUMPLIMIENTO (CLS53000239),ASUNTOS CORPORATIVOS (CLS80000002)
18218e4051b348,SOLUCIONES AL COLABORADOR (CLS53000281),TALENTO HUMANO Y SOLUCIONES ORGANIZACIONALES (CLS80000007)
2b574c98a35344,GESTION DE LA MEDIDA (CLS53000265),TRANSMISION Y DISTRIBUCION (CLS80000008)
16e7c697e6ea4a,DISEÑO EXPERIENCIA CLIENTES (CLS53000610),COMERCIAL (CLS80000004)
0c358c9fbfc540,CENTRAL GENERACION (CLS53000588),GENERACION (CLS80000006)
3c72c884c65745,GESTION TECNOLOGIAS OPERACION TYD (CLS53000506),TRANSMISION Y DISTRIBUCION (CLS80000008)
7181bbbf95d049,PROYECTOS RED PROPIA (CLS51000900),TRANSMISION Y DISTRIBUCION (CLS80000008)
6fb02a59e0f748,GESTION MULTISERVICIOS Y HOGAR MAS (CLS53000481),COMERCIAL (CLS80000004)
97e2cac8b45c4b,INGENIERIA DE DETALLE SISTEMAS FOTOVOLTAICOS (CLS53000357),TRANSMISION Y DISTRIBUCION (CLS80000008)
6b82e7365afa4f,OBRAS CIVILES PROYECTOS (CLS53000428),GENERACION (CLS80000006)
6274f1da596c42,DISTRITOS TERMICOS Y COGENERACION (CLS53000309),GENERACION (CLS80000006)
56bc51ce5a984c,OPERACION Y MANTENIMIENTO RUTINARIO CENTRALES GENERACION (CLS53000592),GENERACION (CLS80000006)
9ee4509b8a994f,CENTRO DE CONTROL (CLS53000342),TRANSMISION Y DISTRIBUCION (CLS80000008)
750001d0a69440,PROYECTO REDUCCION DE PERDIDAS ZONA VALLE (CLS53000039),TRANSMISION Y DISTRIBUCION (CLS80000008)
eb1a3430b5ed40,PROCESOS COMERCIALES (CLS51000910),COMERCIAL (CLS80000004)
5a9cbe517d6e49,PRESAS (CLS53000599),GENERACION (CLS80000006)
767e3646655447,EXPERIENCIAS DE SERVICIO ZONA (CLS53000370),COMERCIAL (CLS80000004)
9daee2e1db1a4a,MANTENIMIENTO ELECTRICO CENTRALES GENERACION (CLS53000034),GENERACION (CLS80000006)
d319fbfddc2a4e,EJECUCION CRECIMIENTO DE RED (CLS53000457),TRANSMISION Y DISTRIBUCION (CLS80000008)
7efbc5dd69d44d,CENTRO DE OPERACIONES TIEMPO REAL INTERNET (CLS53000522),TALENTO HUMANO Y SOLUCIONES ORGANIZACIONALES (CLS80000007)
206c70fc142140,MANTENIMIENTO MECANICO CENTRALES GENERACION (CLS53000383),GENERACION (CLS80000006)
a0c61b40b13d4d,PLANEACION CRECIMIENTO DE RED (CLS53000456),TRANSMISION Y DISTRIBUCION (CLS80000008)
b533cbb5c1874b,ENERGIA Y HOGARES (CLS53000278),COMERCIAL (CLS80000004)
f7ac6187c3734e,EXPERIENCIAS DE SERVICIO (CLS53000568),COMERCIAL (CLS80000004)
f8438223f14941,SERVICIOS VIRTUALES (CLS53000539),COMERCIAL (CLS80000004)
44b14805ab594c,OPERACION INTERNET (CLS53000238),TALENTO HUMANO Y SOLUCIONES ORGANIZACIONALES (CLS80000007)
e828b35227a84f,REGIONAL VALLE EMPRESAS (CLS53000293),COMERCIAL (CLS80000004)
9ee4e7df0b6b45,FACTURACION MEDIDA (CLS53000368),COMERCIAL (CLS80000004)
0d0d9266575846,INGENIERIA PARA EL DESARROLLO (CLS51000795),FINANCIERA (CLS80000005)
eb6c66e4cac243,REGIONAL COSTA (CLS53000289),COMERCIAL (CLS80000004)
51d94d9cc06448,REGIONAL BOGOTA (CLS53000288),COMERCIAL (CLS80000004)
d26b4fd6af554c,CREDITOS (CLS53000333),COMERCIAL (CLS80000004)
17ed072e724348,SEGURIDAD Y SALUD EN EL TRABAJO (CLS51000337),TALENTO HUMANO Y SOLUCIONES ORGANIZACIONALES (CLS80000007)
ac54416759ca4c,CONFIABILIDAD MANTENIMIENTO (CLS53000248),TRANSMISION Y DISTRIBUCION (CLS80000008)
32564338896e44,PROTECCIONES AUTOMATIZACION Y CONTROL (CLS51000843),GENERACION (CLS80000006)
5030bb22369c41,INGENIERIA DE APOYO AGUAS (CLS51000845),GENERACION (CLS80000006)
c66daef7eb2942,ALMACEN (CLS53000376),FINANCIERA (CLS80000005)
93ea2946eb664c,CENTRO DE CONTROL (CLS53000347),TRANSMISION Y DISTRIBUCION (CLS80000008)
262a099ec5ce4f,CONFIABILIDAD MANTENIMIENTO TYD (CLS53000248),TRANSMISION Y DISTRIBUCION (CLS80000008)
d6d51a1504c84f,OPERACION Y MANTENIMIENTO RUTINARIO CENTRALES GENERACION (CLS53000595),GENERACION (CLS80000006)
166adf86235e4d,SUBESTACIONES VALLE SUR (CLS53000579),TRANSMISION Y DISTRIBUCION (CLS80000008)
2d363a4a78424d,PROYECTOS TECHOS FOTOVOLTAICOS (CLS53000010),TRANSMISION Y DISTRIBUCION (CLS80000008)
f29a6e43e6ce44,OPERACION Y MANTENIMIENTO DE LA MEDIDA ZONA VALLE SUR (CLS53000227),TRANSMISION Y DISTRIBUCION (CLS80000008)
6bfc0f2b753a4b,CENTRAL GENERACION (CLS53000590),GENERACION (CLS80000006)
c616ed2582f048,MANTENIIMENTO ZONA VALLE NORTE (CLS53000574),TRANSMISION Y DISTRIBUCION (CLS80000008)
47eed689ffb34b,COMERCIAL INTERNET (CLS53000324),TALENTO HUMANO Y SOLUCIONES ORGANIZACIONALES (CLS80000007)
6f2ea97c5ef640,COBRO Y RECAUDO (CLS53000367),COMERCIAL (CLS80000004)
14d51a371c5049,VIAS Y OBRAS POR IMPUESTOS (CLS53000615),GENERACION (CLS80000006)
e594cf9b06404b,COMPENSACION Y PLANEACION DEL TALENTO (CLS53000021),TALENTO HUMANO Y SOLUCIONES ORGANIZACIONALES (CLS80000007)
de62593f678b43,MANTENIMIENTO INTERNET (CLS53000329),TALENTO HUMANO Y SOLUCIONES ORGANIZACIONALES (CLS80000007)
a3bf7e1df8ef4e,MANTENIMIENTO ZONA CARIBE (CLS53000573),TRANSMISION Y DISTRIBUCION (CLS80000008)
677fd16f42df41,DEVOPS TECNOLOGIA (CLS53000460),TALENTO HUMANO Y SOLUCIONES ORGANIZACIONALES (CLS80000007)
e68ca3ba39894d,SUBESTACIONES VALLE NORTE (CLS53000576),TRANSMISION Y DISTRIBUCION (CLS80000008)
1d67a3ecffbc41,PLANEACION ABASTECIMIENTO (CLS53000326),FINANCIERA (CLS80000005)
0b8fb8fb8b2b4d,EXPERIENCIAS DE SERVICIO ZONA (CLS53000243),COMERCIAL (CLS80000004)
ceb2007e095949,SERVICIO A CLIENTES (CLS51000701),COMERCIAL (CLS80000004)
9fad3e1aeacb44,PLANEACION DE LA OPERACION (CLS51000891),TRANSMISION Y DISTRIBUCION (CLS80000008)
e7029ccecbdd44,MANTENIMIENTO ZONA TOLIMA NORTE (CLS53000260),TRANSMISION Y DISTRIBUCION (CLS80000008)
3777f9e0efe746,INGENIERIA DE APOYO TERMICAS (CLS51000846),GENERACION (CLS80000006)
5c27fe2c8dd940,LINEAS Y REDES VALLE SUR (CLS53000582),TRANSMISION Y DISTRIBUCION (CLS80000008)
42f14ea54c904c,VENTAS (CLS53000343),COMERCIAL (CLS80000004)
3bf64731c58a40,NEGOCIOS EN COMPETENCIA (CLS52000018),ASUNTOS REGULATORIOS (CLS80000003)
bc83cb8cf8884b,DISEÑO Y CONSTRUCCION INTERNET (CLS53000513),TALENTO HUMANO Y SOLUCIONES ORGANIZACIONALES (CLS80000007)
fc03cff971ee42,LINEAS Y REDES VALLE NORTE (CLS53000581),TRANSMISION Y DISTRIBUCION (CLS80000008)
d776dbf9c62340,GESTION DE LA MEDIDA Y DEMANDA (CLS53000265),TRANSMISION Y DISTRIBUCION (CLS80000008)
641412e5323e4e,TIENDAS PROPIAS Y VENTAS EMPRESARIALES (CLS53000624),COMERCIAL (CLS80000004)
127f34efcdcf45,CIBERSEGURIDAD (CLS53000025),TALENTO HUMANO Y SOLUCIONES ORGANIZACIONALES (CLS80000007)
e0ee5bdc34e14b,VENTAS (CLS53000514),COMERCIAL (CLS80000004)
649142fa77bd43,DEVOPS TECNOLOGIA NEGOCIO (CLS53000544),TALENTO HUMANO Y SOLUCIONES ORGANIZACIONALES (CLS80000007)
c318ad65694b49,PRESUPUESTO GENERACION (CLS53000209),GENERACION (CLS80000006)
e0cfe0927e9d45,GESTION ADMINISTRATIVA SAC (CLS53000037),GENERACION (CLS80000006)
e9b8cf76b3864c,MANTENIMIENTO LINEAS Y SUBESTACIONES (CLS53000361),TRANSMISION Y DISTRIBUCION (CLS80000008)
dbc3260104bf4e,LOGISTICA NACIONAL (CLS53000012),FINANCIERA (CLS80000005)
37e3bb9213d545,CENTRAL HIDRAULICA ALTO Y BAJO ANCHICAYA (CLS51000814),GENERACION (CLS80000006)
d0ed79059cdb45,CANALES PROPIOS (CLS53000296),COMERCIAL (CLS80000004)
221c1b83374148,RIESGOS Y SEGUROS (CLS51000505),FINANCIERA (CLS80000005)
f6a3d5040dec45,SERVICIO AL CLIENTE (CLS51000701),COMERCIAL (CLS80000004)
d86893d4f16246,RIESGOS (CLS53000283),FINANCIERA (CLS80000005)
beb5bd7996f740,EXPERIENCIA DEL COLABORADOR Y CULTURA (CLS53000466),TALENTO HUMANO Y SOLUCIONES ORGANIZACIONALES (CLS80000007)
6c581d4c1f3c40,PROYECTO NOVA (CLS51000893),TRANSMISION Y DISTRIBUCION (CLS80000008)
efdc8348a1a14a,CENTRAL GENERACION (CLS53000589),GENERACION (CLS80000006)
806c6e62e16444,SISTEMAS FOTOVOLTAICOS (CLS51000704),TRANSMISION Y DISTRIBUCION (CLS80000008)
b25f088d766040,CONTROL DE ENERGIA (CLS53000572),TRANSMISION Y DISTRIBUCION (CLS80000008)
c757cf3ffdc844,CENTRO DE CONTROL (CLS53000344),TRANSMISION Y DISTRIBUCION (CLS80000008)
7755a9012da941,LABORATORIO DE MEDIDORES (CLS53000396),TRANSMISION Y DISTRIBUCION (CLS80000008)
54c49d16334140,REGIONAL VALLE (CLS53000291),COMERCIAL (CLS80000004)
e7c1cfdaa9684d,MANTENIMIENTO ZONA VALLE SUR (CLS53000575),TRANSMISION Y DISTRIBUCION (CLS80000008)
0e7d624259a74a,COMUNICACIONES (CLS51000485),ASUNTOS CORPORATIVOS (CLS80000002)
970111262bb94a,EVALUACION DEL MANTENIMIENTO TYD (CLS51000859),TRANSMISION Y DISTRIBUCION (CLS80000008)
d7a3065d820a4d,FINANZAS DE PRODUCTO (CLS53000270),FINANCIERA (CLS80000005)
e468dafbaf4a4b,MANTENIMIENTO REDES Y SUBESTACIONES ZONA (CLS53000273),TRANSMISION Y DISTRIBUCION (CLS80000008)
19d0d80da7e943,ASUNTOS LABORALES CA (CLS53000504),CELSIA CENTROAMERICA (CLS80000009)
58de099089dd46,SUPERVISION DE TURNO III (CLS53000067),CELSIA CENTROAMERICA (CLS80000009)
bf696c634bfe41,"MANTENIMIENTO, INSTRUMENTACION Y ELECTRICO DMA (CLS53000069)",CELSIA CENTROAMERICA (CLS80000009)
80bc249062334b,FINANZAS (CLS53000525),ENERBIT (CLS80000022)
5fbbccbb6d5244,MERCADOS FINANCIEROS (CLS53000418),FINANCIERA (CLS80000005)
29062cdcd1b34d,CONTROL QUIMICO (CLS53000497),CELSIA CENTROAMERICA (CLS80000009)
36c383a8a8c244,MANTENIMIENTO MECANICO DMA (CLS53000072),CELSIA CENTROAMERICA (CLS80000009)
d7b8b0abd7994e,MANTENIMIENTO ELECTROMECANICO CENTRALES (CLS53000214),CELSIA CENTROAMERICA (CLS80000009)
582d9a91c22f45,COMPLEJO HIDRICO CHIRIQUI (CLS52000023),CELSIA CENTROAMERICA (CLS80000009)
b52b3c3a96924b,PLANEACION FINANCIERA (CLS52000010),FINANCIERA (CLS80000005)
c20e1f723aea42,SUPERVISION DE TURNO (CLS53000496),CELSIA CENTROAMERICA (CLS80000009)
a4142b0e75ac47,LEGAL (CLS52000020),CELSIA CENTROAMERICA (CLS80000009)
ceaff76f1e5546,SUPERVISION DE TURNO (CLS53000498),CELSIA CENTROAMERICA (CLS80000009)
60898b0cc3c84c,TECNICO PRODUCTOS (CLS53000413),CELSIA CENTROAMERICA (CLS80000009)
09405b4f03c84a,COMPLEJO TERMICO COLON (CLS53000494),CELSIA CENTROAMERICA (CLS80000009)
d850691b738d45,COMERCIAL NUEVOS NEGOCIOS (CLS53000087),CELSIA CENTROAMERICA (CLS80000009)
7cdb565464ce48,CELSIA CENTROAMERICA (CLS51000552),CELSIA CENTROAMERICA (CLS80000009)
c62486262afb42,SUPERVISION DE TURNO (CLS53000495),CELSIA CENTROAMERICA (CLS80000009)
b237b798f77047,OPERACIONES Y MANTENIMIENTO (CLS53000411),CELSIA CENTROAMERICA (CLS80000009)
b0d95230709240,MANTENIMIENTO ME (CLS53000351),GENERACION (CLS80000006)
a3eff4482feb46,OPERACION CENTRALES TERMICAS (CLS53000469),GENERACION (CLS80000006)
71e966a1511b43,GESTION DE LA MEDIDA ENERBIT (CLS53000621),ENERBIT (CLS80000022)
b3a23fba7fcf47,SUPERVISION TURNO IV CTC (CLS53000081),CELSIA CENTROAMERICA (CLS80000009)
85d4fb8040c844,INFRAESTRUCTURA Y SERVICIOS ADMINISTRATIVOS CA (CLS53000052),CELSIA CENTROAMERICA (CLS80000009)
6dd76f14b36b45,PROYECTOS GENERACION (CLS51000486),PRESIDENCIA (CLS80000001)
7ddf419e723a48,PLANTA EOLICA GUANACASTE (CLS52000036),CELSIA CENTROAMERICA (CLS80000009)
e97d4b37069c43,OPERACIONES Y MANTENIMIENTO (CLS53000092),CELSIA CENTROAMERICA (CLS80000009)
b2c3f539b0804a,PLANEACION FINANCIERA (CLS52000010),CELSIA CENTROAMERICA (CLS80000009)
e600b36ebfb44e,SUPERVISION DE TURNO (CLS53000339),CELSIA CENTROAMERICA (CLS80000009)
44f9acdff80942,CONTROL QUIMICO (CLS52000031),CELSIA CENTROAMERICA (CLS80000009)
7357311a170446,GENERACION HIDRAULICA (CLS51000667),GENERACION (CLS80000006)
8ff300cd8b544f,NUEVOS NEGOCIOS PAIS (CLS53000061),CELSIA CENTROAMERICA (CLS80000009)
7db01d34ded345,OBRAS CIVILES PROYECTOS GENERACION (CLS53000036),GENERACION (CLS80000006)
805b9239b3b741,RECURSOS TERMICAS (CLS51000913),GENERACION (CLS80000006)
ec2224c047d54f,MANTENIMIENTO TERMICAS (CLS51000771),GENERACION (CLS80000006)
186306d139bc46,MANTENIMIENTO MECANICO COMPLEJO TERMICO COLON (CLS53000501),CELSIA CENTROAMERICA (CLS80000009)
e3418ae34fdf40,EQUIPOS ELECTRICOS PROYECTOS (CLS53000548),GENERACION (CLS80000006)
c3280ef8775b48,EXPERIENCIAS DE SERVICIO ZONA (CLS53000371),COMERCIAL (CLS80000004)
a5be7c7a4a1544,OPERACION Y MANTENIMIENTO RUTINARIO CENTRALES GENERACION (CLS53000597),GENERACION (CLS80000006)
0d1eb5e0acb245,DESARROLLO LOGISTICO (CLS53000556),FINANCIERA (CLS80000005)
2e39722138eb4b,HIDROGENO (CLS53000604),INNOVACION (CLS80000021)
09eabb7d3d634d,OPERACIONES COMERCIALES (CLS51000754),COMERCIAL (CLS80000004)
89f07fc6dd4046,ACTIVOS FIJOS (CLS53000246),FINANCIERA (CLS80000005)
4ca09db12d4e4e,PLANEACION MANTENIMIENTO LINEAS REDES Y UIETD (CLS53000231),TRANSMISION Y DISTRIBUCION (CLS80000008)
076d92d831b54b,VENTAS Y OPERACIONES RETAIL (CLS53000617),COMERCIAL (CLS80000004)
69aabbfe04a149,CRECIMIENTO RED (CLS53000031),TRANSMISION Y DISTRIBUCION (CLS80000008)
0be24eaacaa54e,MANTENIMIENTO INSTRUMENTACION CENTRALES GENERACION (CLS53000196),GENERACION (CLS80000006)
ee8283b3b3e242,PLANEACION DEL MANTENIMIENTO TYD (CLS53000232),TRANSMISION Y DISTRIBUCION (CLS80000008)
38e81fc7870744,INTERNET (CLS53000318),TALENTO HUMANO Y SOLUCIONES ORGANIZACIONALES (CLS80000007)
b84fd59abda940,DISEÑO Y CONSTRUCCION INTERNET (CLS53000512),TALENTO HUMANO Y SOLUCIONES ORGANIZACIONALES (CLS80000007)
7929980632644e,GESTION TECNICA GENERACION HIDRAULICA Y EOLICA (CLS53000587),GENERACION (CLS80000006)
f98b1ed0ae8e47,OPERACION TERMICA (CLS51000773),GENERACION (CLS80000006)
e26d0cd80c8643,GENERACION TERMICA (CLS53000350),GENERACION (CLS80000006)
41a265a8ef4d4d,COMERCIO EXTERIOR Y ZONA FRANCA (CLS51000775),FINANCIERA (CLS80000005)
fb59327abee54b,CENTRAL HIDRAULICA PRADO Y CUCUANA (CLS51000816),GENERACION (CLS80000006)
c1572583ee2240,PROTECCION DE RECURSOS (CLS51000329),TALENTO HUMANO Y SOLUCIONES ORGANIZACIONALES (CLS80000007)
717821daf39448,SOCIOAMBIENTAL (CLS51000703),GENERACION (CLS80000006)
b92c252d355d48,PMO TYD (CLS51000858),TRANSMISION Y DISTRIBUCION (CLS80000008)
2c3f918e07d84a,MANTENIMIENTO TYD (CLS51000659),TRANSMISION Y DISTRIBUCION (CLS80000008)
160ce359364442,CIUDADES Y EMPRESAS (CLS53000279),COMERCIAL (CLS80000004)
50d1e03c373440,INTELIGENCIA COMPETITIVA (CLS53000505),COMERCIAL (CLS80000004)
4c16830dd4cf4d,GESTION TYD (CLS51000658),TRANSMISION Y DISTRIBUCION (CLS80000008)
7f7ea0eb4d5b41,COMUNICACIONES MARCA (CLS51000798),ASUNTOS CORPORATIVOS (CLS80000002)
55850993cc9a42,ATRACCION CULTURA Y DESARROLLO DEL TALENTO (CLS53000030),TALENTO HUMANO Y SOLUCIONES ORGANIZACIONALES (CLS80000007)
c0af797479774b,SOCIOAMBIENTAL TYD (CLS53000403),TRANSMISION Y DISTRIBUCION (CLS80000008)
3a1948c059254b,CENTRAL HIDRAULICA CALIMA (CLS51000815),GENERACION (CLS80000006)
fe4f1011635d40,GESTION MEDIDA Y PERDIDAS (CLS53000395),TRANSMISION Y DISTRIBUCION (CLS80000008)
65e8236f281e4a,MANTENIMIENTO TYD ZONA VALLE NORTE (CLS51000864),TRANSMISION Y DISTRIBUCION (CLS80000008)
04674f6af26641,EMPRESAS (CLS51000669),COMERCIAL (CLS80000004)
2bd1ae47f65045,GESTION CONTRATISTAS (CLS51000809),TALENTO HUMANO Y SOLUCIONES ORGANIZACIONALES (CLS80000007)
b8c91549f30d42,COMPRAS CORPORATIVAS (CLS53000006),FINANCIERA (CLS80000005)
324e86a05e3e46,MANTENIMIENTO TYD ZONA CARIBE (CLS51000863),TRANSMISION Y DISTRIBUCION (CLS80000008)
cd7edb15820048,SERVICIO HOGAR MAS (CLS53000298),COMERCIAL (CLS80000004)
1ef8d6015c1447,MANTENIMIENTO ELECTRICO ALTO Y BAJO ANCHICAYA (CLS53000378),GENERACION (CLS80000006)
d73da9ff50c44c,DESARROLLO DE SOLUCIONES TECNOLOGIA (CLS53000474),TALENTO HUMANO Y SOLUCIONES ORGANIZACIONALES (CLS80000007)
983d52f42bb24c,DESARROLLO DE NEGOCIOS (CLS51000480),FINANCIERA (CLS80000005)
1b4b556d5e1545,PLANEACION Y COMBUSTIBLE MERCADO MAYORISTA (CLS53000536),GENERACION (CLS80000006)
1387800fcde844,ASUNTOS CORPORATIVOS (CLS50000056),ASUNTOS CORPORATIVOS (CLS80000002)
5f9bb1e4639c41,MANTENIMIENTO ACUEDUCTOS Y SANEAMIENTO (CLS53000607),GENERACION (CLS80000006)
88d47c24b58449,GESTION RECURSOS CENTRAL TERMICA (CLS53000352),GENERACION (CLS80000006)
a9ca7d5813044c,TALENTO HUMANO Y SOLUCIONES ORGANIZACIONALES (CLS50000059),TALENTO HUMANO Y SOLUCIONES ORGANIZACIONALES (CLS80000007)
038650898d884c,EXPERIENCIA DE CLIENTES (CLS51000728),COMERCIAL (CLS80000004)
d3c52d81aa4546,GESTION CONTABLE (CLS51000483),FINANCIERA (CLS80000005)
f1fed76057c644,CENTRALES HIDRAULICAS MENORES (CLS51000490),GENERACION (CLS80000006)
5c36b5eba2e848,PROYECTOS GENERACION (CLS51000486),GENERACION (CLS80000006)
d3c0d348eb0d4f,CONTABILIDAD E IMPUESTOS (CLS51000151),FINANCIERA (CLS80000005)
5e62f1256ff849,PROYECTOS SOCIALES DE GENERACION (CLS53000033),GENERACION (CLS80000006)
a2bb41f76f1d43,GENERACION TERMICA (CLS50000062),GENERACION (CLS80000006)
8772f9ec2aa541,MANTENIMIENTO MECANICO TERMICAS (CLS53000487),GENERACION (CLS80000006)
8cfa45f3f2ac4b,MANTENIMIENTOS MAYORES CENTRALES GENERACION (CLS53000591),GENERACION (CLS80000006)
0bd8ada1791747,ARQUITECTURA Y DIGITAL (CLS51000850),TALENTO HUMANO Y SOLUCIONES ORGANIZACIONALES (CLS80000007)
1f707e54a1874b,PROYECTOS GENERACION EOLICA (CLS53000028),GENERACION (CLS80000006)
12d2a2b4a5314d,BIENES INMUEBLES Y SERVICIOS ADMTIVOS (CLS51000336),TALENTO HUMANO Y SOLUCIONES ORGANIZACIONALES (CLS80000007)
0097eef24b7a40,GESTION TECNICA TERMICAS (CLS53000423),GENERACION (CLS80000006)
0d9cfda5b91a44,MANTENIMIENTO ZONA TOLIMA SUR (CLS53000261),TRANSMISION Y DISTRIBUCION (CLS80000008)
4067bcf816ec42,COMERCIAL (CLS51000576),COMERCIAL (CLS80000004)
12c750982dd54c,CADENA DE ABASTECIMIENTO (CLS51000276),FINANCIERA (CLS80000005)
bd5b301fec4a47,BIENES INMUEBLES I (CLS53000089),TALENTO HUMANO Y SOLUCIONES ORGANIZACIONALES (CLS80000007)
4816c43516f04a,MANTENIMIENTO TYD ZONA (CLS53000260),TRANSMISION Y DISTRIBUCION (CLS80000008)
7ed50d8dbacc44,GESTION MANTENIMIENTO CENTRALES (CLS53000387),GENERACION (CLS80000006)
f3c18bd8ae134c,SOCIOAMBIENTAL CORPORATIVO (CLS53000530),ASUNTOS CORPORATIVOS (CLS80000002)
a1adda320ade49,DESEMPEÑO TECNOLOGIA (CLS53000511),TALENTO HUMANO Y SOLUCIONES ORGANIZACIONALES (CLS80000007)
82349a9836084c,ESTRATEGIA TECNOLOGIA (CLS53000554),TALENTO HUMANO Y SOLUCIONES ORGANIZACIONALES (CLS80000007)
42590fa565dd43,CONSOLIDACION CONTABLE Y NIIF (CLS51000678),FINANCIERA (CLS80000005)
d3c5305ff30e48,SUPERVISION TURNO II CTC (CLS53000078),CELSIA CENTROAMERICA (CLS80000009)
21243d29f1044a,SOCIO GESTION HUMANA (CLS53000054),CELSIA CENTROAMERICA (CLS80000009)
9a5946bfb3f446,GESTION HUMANA Y ADMINISTRATIVA (CLS52000012),CELSIA CENTROAMERICA (CLS80000009)
96b7664dcdf542,MANTENIMIENTO CIVIL DMA (CLS53000070),CELSIA CENTROAMERICA (CLS80000009)
90efd780d70a49,ABASTECIMIENTO ESTRATEGICO (CLS52000007),CELSIA CENTROAMERICA (CLS80000009)
b691fec7d8954a,GESTION DE RECURSOS (CLS53000045),CELSIA CENTROAMERICA (CLS80000009)
c67f3bbc6cea43,GERENCIA CTC (CLS52000029),CELSIA CENTROAMERICA (CLS80000009)
da7707b7a1f94d,GESTION CONTABLE CA (CLS53000044),FINANCIERA (CLS80000005)
d806e89e5e134f,MANTENIMIENTO CTC (CLS52000033),CELSIA CENTROAMERICA (CLS80000009)
1b7d4d0ee44842,COMPENSACION Y PRODUCTIVIDAD (CLS53000055),CELSIA CENTROAMERICA (CLS80000009)
25f5043864014d,SUPERVISION TURNO I CTC (CLS53000077),CELSIA CENTROAMERICA (CLS80000009)
17a3896d12ff44,SUPERVISION MANTENIMIENTO ELECTRICO (CLS53000198),CELSIA CENTROAMERICA (CLS80000009)
16cc46dc4ac448,SUPERVISION DE TURNO (CLS53000553),CELSIA CENTROAMERICA (CLS80000009)
b73397faac1d41,SUPERVISION DE TURNO (CLS53000337),CELSIA CENTROAMERICA (CLS80000009)
ae2980b272e94c,SUPERVISION DE TURNO (CLS53000338),CELSIA CENTROAMERICA (CLS80000009)
e8598b32e45749,SOPORTE DE PROYECTOS Y MERCADOS ELECTRICOS (CLS52000044),CELSIA CENTROAMERICA (CLS80000009)
e7c0cf085db24b,SUPERVISION DE TURNO III CTC (CLS53000080),CELSIA CENTROAMERICA (CLS80000009)
a1019fcc34ea45,MANTENIMIENTO ELECTRICO COMPLEJO TERMICO COLON (CLS53000493),CELSIA CENTROAMERICA (CLS80000009)
d33594d916b94d,OPERACIONES CATIVA (CLS53000046),CELSIA CENTROAMERICA (CLS80000009)
c11a99ebe2b54b,INSTRUMENTACION Y CONTROL COMPLEJO TERMICO COLON (CLS53000491),CELSIA CENTROAMERICA (CLS80000009)
401d1891709642,OPERACIONES CTC (CLS53000076),CELSIA CENTROAMERICA (CLS80000009)
b72f75138c4542,SUPERVISION TURNO I CATIVA (CLS53000047),CELSIA CENTROAMERICA (CLS80000009)
92427cebf62246,CENTRAL HIDRAULICA SALVAJINA (CLS51000817),GENERACION (CLS80000006)
0a3b9a1e99ee4c,GESTION DE RECURSOS DMA (CLS53000071),CELSIA CENTROAMERICA (CLS80000009)
faf359f71e4740,GESTION COMBUSTIBLES ZFC (CLS53000206),GENERACION (CLS80000006)
9aa64d41a9ed44,CENTRAL MERIELETRICA (CLS51000332),GENERACION (CLS80000006)
447a740bc4804f,TECNOLOGIA CA (CLS53000053),TALENTO HUMANO Y SOLUCIONES ORGANIZACIONALES (CLS80000007)
7b6b6687b9f648,INVESTIGACION Y DESARROLLO TECNOLOGIA (CLS53000473),TALENTO HUMANO Y SOLUCIONES ORGANIZACIONALES (CLS80000007)
abd99c92b99840,PLANEACION FINANCIERA (CLS51000484),FINANCIERA (CLS80000005)
c2065d83473c4a,GESTION DE COMBUSTIBLE (CLS51000487),GENERACION (CLS80000006)
d5d72d93c2a841,ALMACENAMIENTO Y MICRORREDES (CLS53000355),INNOVACION (CLS80000021)
f5ee45bff0594a,COMERCIO EXTERIOR (CLS53000373),FINANCIERA (CLS80000005)
3ac0646c08cb49,OPERACION TALENTO HUMANO (CLS51000526),TALENTO HUMANO Y SOLUCIONES ORGANIZACIONALES (CLS80000007)
9c7ef425f9c549,LINEAS AT (CLS53000216),TRANSMISION Y DISTRIBUCION (CLS80000008)
ca2dad0dfdcf47,PROTECCION Y TELECONTROL ZONA (CLS53000399),TRANSMISION Y DISTRIBUCION (CLS80000008)
11eadc95423a41,MANTENIMIENTO ELECTRICO ALTO Y BAJO ANCHICAYA (CLS53000377),GENERACION (CLS80000006)
f2e9da9fdebb4b,MANTENIMIENTO MECANICO ALTO Y BAJO ANCHICAYA (CLS53000379),GENERACION (CLS80000006)
f55f2eb833e24a,INFRAESTRUCTURA CIVIL Y GESTION DE PRESAS (CLS53000191),GENERACION (CLS80000006)
c8ddfe355a7648,PLANEACION ABASTECIMIENTO (CLS53000005),FINANCIERA (CLS80000005)
d7eb976c5bee4d,MANTENIMIENTO MECANICO ALTO Y BAJO ANCHICAYA (CLS53000380),GENERACION (CLS80000006)
665cc25acd1749,INFRAESTRUCTURA Y SERVICIOS ADMINISTRATIVOS CA (CLS53000213),CELSIA CENTROAMERICA (CLS80000009)
bad958c270b24f,SUPERVISION DE TURNO IV (CLS53000068),CELSIA CENTROAMERICA (CLS80000009)
4b39cfcb01f349,PROYECTOS ESPECIALES GENERACION CA (CLS53000017),GENERACION (CLS80000006)
5686acf180404b,ALMACEN PANAMA (CLS53000406),FINANCIERA (CLS80000005)
cc064c88223f4c,PLANEAMIENTO DMA (CLS53000063),CELSIA CENTROAMERICA (CLS80000009)
ba7a7fc35df841,PLANEACION DE MANTENIMIENTO (CLS53000199),CELSIA CENTROAMERICA (CLS80000009)
2c364f7701ce47,SUPERVISION TURNO III CATIVA (CLS53000049),CELSIA CENTROAMERICA (CLS80000009)
a9e216a9e5fd49,"MANTENIMIENTO, INSTRUMENTACION Y ELECTRICO (CLS53000336)",CELSIA CENTROAMERICA (CLS80000009)
729ed7e2332b49,TECNICO PROYECTOS (CLS53000413),CELSIA CENTROAMERICA (CLS80000009)
5742a4859de148,AMBIENTE (CLS52000022),CELSIA CENTROAMERICA (CLS80000009)
f5e0560743884a,COMPLEJO TERMICO COLON (CLS53000409),CELSIA CENTROAMERICA (CLS80000009)
07b3e81fd19047,COMUNICACIONES SOSTENIBILIDAD Y GESTION SOCIAL (CLS53000315),CELSIA CENTROAMERICA (CLS80000009)
4d01d971c90f4e,MANTENIMIENTO ELECTRICO PRADO Y CUCUANA (CLS53000382),GENERACION (CLS80000006)
9c211f3cb7d447,PMO TECNOLOGIA (CLS53000511),TALENTO HUMANO Y SOLUCIONES ORGANIZACIONALES (CLS80000007)
e1df049fb6234d,REDES MTBT (CLS53000236),TRANSMISION Y DISTRIBUCION (CLS80000008)
677ad03f4bf248,PROVISION SERVICIO OBRAS Y MULTISERVICIOS (CLS51000886),TRANSMISION Y DISTRIBUCION (CLS80000008)
16a7c1e7666247,OPERACION DE LA MEDIDA ZONA (CLS53000227),TRANSMISION Y DISTRIBUCION (CLS80000008)
78c469f0d9c944,HOGARES (CLS51000668),COMERCIAL (CLS80000004)
c5e51ef9832b4c,INGENIERIA DE PRUEBAS (CLS53000401),TRANSMISION Y DISTRIBUCION (CLS80000008)
fdc914044a6f47,ESTRATEGIA ABASTECIMIENTO (CLS53000320),FINANCIERA (CLS80000005)
a26a42d2a1e246,EXPERIENCIAS DE SERVICIO ZONA (CLS53000372),COMERCIAL (CLS80000004)
2e1ff2c0142b46,PLANEACION Y OPERACION MERCADOS ENERGETICOS (CLS51000488),GENERACION (CLS80000006)
7ea710fde39144,INTELIGENCIA DE MERCADOS (CLS53000612),ASUNTOS REGULATORIOS (CLS80000003)
2775a08e4c3d42,BIENES INMUEBLES (CLS51000909),TALENTO HUMANO Y SOLUCIONES ORGANIZACIONALES (CLS80000007)
61bd61f9eb424b,INFRAESTRUCTURA ELECTRICA Y MANTENIMIENTO (CLS53000448),TALENTO HUMANO Y SOLUCIONES ORGANIZACIONALES (CLS80000007)
5c45644ee84343,MANTENIMIENTO PREDICTIVO ELECTRICO (CLS53000598),GENERACION (CLS80000006)
cf2b4ddb77fd4a,TESORERIA (CLS52000011),FINANCIERA (CLS80000005)
b05579fa7d704d,ASUNTOS REGULATORIOS Y DESARROLLO DE MERCADOS (CLS53000366),CELSIA CENTROAMERICA (CLS80000009)
292fde2e31ac43,OPERACION TALENTO HUMANO Y SOLUCIONES ORGANIZACIONALES (CLS53000438),CELSIA CENTROAMERICA (CLS80000009)
93924026205045,GESTION SOCIOAMBIENTAL GENERACION (CLS51000703),GENERACION (CLS80000006)
1b0a6095a0db47,GENERACION (CLS50000052),GENERACION (CLS80000006)
76c34ea9448944,INGENIERIA DE PROCESOS Y DISEÑO ORGANIZACIONAL (CLS51000792),TALENTO HUMANO Y SOLUCIONES ORGANIZACIONALES (CLS80000007)
eca9ce2b5bb346,PRESIDENCIA (CLS50000050),PRESIDENCIA (CLS80000001)
28438fac19d74e,INGENIERIA DE APOYO (CLS51000702),GENERACION (CLS80000006)
6c76bc1f2e6044,OBRAS CIVILES ACUEDUCTOS Y STAR (CLS53000388),GENERACION (CLS80000006)
e6fe1eaa563348,ALMACEN (CLS53000557),FINANCIERA (CLS80000005)
b4776ddec2b34a,GENERACION HIDRAULICA Y EOLICA (CLS53000585),GENERACION (CLS80000006)
e9e038ad38a84a,CONFIABILIDAD DE ACTIVOS (CLS53000594),GENERACION (CLS80000006)
234e92ae23554a,SISTEMAS FOTOVOLTAICOS (CLS53000616),TRANSMISION Y DISTRIBUCION (CLS80000008)
26c34544b89a48,GESTION TECNICA INTERNET (CLS53000512),TALENTO HUMANO Y SOLUCIONES ORGANIZACIONALES (CLS80000007)
dd9694a471cd4b,DESARROLLO DE PRODUCTO ENERBIT (CLS53000620),ENERBIT (CLS80000022)
99b14df4571c43,SUPERVISION DE TURNO II (CLS53000066),CELSIA CENTROAMERICA (CLS80000009)
8acdabffaafe41,SUPERVISION TURNO I (CLS53000065),CELSIA CENTROAMERICA (CLS80000009)
706e2bb1480949,REVERDEC (CLS53000603),GENERACION (CLS80000006)
858a9daf4a2847,OPERACIONES Y MANTENIMIENTO ACTIVOS FOTOVOLTAICOS CA (CLS53000429),CELSIA CENTROAMERICA (CLS80000009)
5de4236294c74d,AUDITORIA CA (CLS53000412),AUDITORIA CORPORATIVA (CLS80000020)
bdc9c3956cfd4f,MANTENIMIENTO ELECTRICO DMA (CLS53000073),CELSIA CENTROAMERICA (CLS80000009)
b77e72dd0e6546,INTERVENTORIA ZONA VALLE (CLS53000614),TRANSMISION Y DISTRIBUCION (CLS80000008)
57eb5a1dda9b46,SALUD DE EQUIPOS (CLS53000249),TRANSMISION Y DISTRIBUCION (CLS80000008)
014f67d938834b,OPERACION TYD (CLS51000660),TRANSMISION Y DISTRIBUCION (CLS80000008)
41af40e107e44b,FINANZAS CORPORATIVAS (CLS50000061),FINANCIERA (CLS80000005)
4016afeae0914a,SERVICIO PRESENCIAL (CLS53000541),COMERCIAL (CLS80000004)
089e6454fbfd4c,ADMINISTRACION VENTAS (CLS51000671),COMERCIAL (CLS80000004)
f22b18fe4be947,OPERACION Y MANTENIMIENTO DE LA MEDIDA ZONA VALLE NORTE (CLS53000398),TRANSMISION Y DISTRIBUCION (CLS80000008)
ab8e5cb16adc42,MANTENIMIENTO MECANICO PRADO Y CUCUANA (CLS53000600),GENERACION (CLS80000006)
60fb8f80edbc47,GESTION DEL CAMBIO (CLS53000467),TALENTO HUMANO Y SOLUCIONES ORGANIZACIONALES (CLS80000007)
179aa07088254a,AUDITORIA CORPORATIVA (CLS50000058),PRESIDENCIA (CLS80000001)
edc3ed617ba247,Direccion de Operaciones y Proyectos (CA12000),CELSIA CENTROAMERICA (51000551)
699e305c683642,OPERACIONES COMPLEJO HIDRICO CHIRIQUI (CLS53000064),CELSIA CENTROAMERICA (CLS80000009)
987da6b4505649,GESTION CENTRO DE OPERACIONES TECNOLOGIA (CLS53000535),TALENTO HUMANO Y SOLUCIONES ORGANIZACIONALES (CLS80000007)
cca6165b26b047,OPERACIONES COMPLEJO TERMICO COLON (CLS53000502),CELSIA CENTROAMERICA (CLS80000009)
f0eb5b7af0cf4c,FINANCIERA (CLS50000053),FINANCIERA (CLS80000005)
c2a359afc9214d,GESTION DE RECURSOS COMPLEJO TERMICO COLON (CLS53000503),CELSIA CENTROAMERICA (CLS80000009)
5467a3b0517a4d,NEGOCIO DISTRITO TERMICO Y EFICIENCIA ENERGETICA (CLS53000623),COMERCIAL (CLS80000004)
b15a3e2a35f944,ENERBIT (CLS53000523),ENERBIT (CLS80000022)
188a2791a8aa46,PLANEACION DEL MEM (CLS51000847),GENERACION (CLS80000006)
bb68794e162342,INNOVACION (CLS51000578),PRESIDENCIA (CLS80000001)
140a1ccfa56540,MANTENIMIENTO TYD ZONA VALLE SUR (CLS51000871),TRANSMISION Y DISTRIBUCION (CLS80000008)
6ccaed4565a240,GESTION TECNICA HIDRAULICAS (CLS51000838),GENERACION (CLS80000006)
8248200ebfc143,SUPERVISION TURNO V CTC (CLS53000082),CELSIA CENTROAMERICA (CLS80000009)
775398e6b70c4c,GESTION APLICACIONES DE NEGOCIO (CLS51000851),TALENTO HUMANO Y SOLUCIONES ORGANIZACIONALES (CLS80000007)
5662ace0550c40,FUNDACION EPSA (CLS53000029),ASUNTOS CORPORATIVOS (CLS80000002)
10a947d631db47,FACTURACION (CLS53000368),COMERCIAL (CLS80000004)
ebea87582c4e4d,GESTION RECURSOS ME (CLS53000352),GENERACION (CLS80000006)
5665e71927ef43,RELACIONAMIENTO Y DESARROLLO DE PROVEEDORES (CLS53000007),FINANCIERA (CLS80000005)
442e6789fed743,PLANEACION DISEÑO E INGENIERIA TYD (CLS51000753),TRANSMISION Y DISTRIBUCION (CLS80000008)
353654ca3a574b,OPERACION Y MANTENIMIENTO SUBESTACIONES (CLS53000314),TRANSMISION Y DISTRIBUCION (CLS80000008)
d5b4055099564a,MARCA PROPIA Y CANALES MASIVOS (CLS53000295),COMERCIAL (CLS80000004)
5638de2763ff48,COMERCIALIZACION ENERGIA ENERBIT (CLS53000619),ENERBIT (CLS80000022)
cc681f5a301547,PROYECTO SAN ANDRES (CLS53000035),GENERACION (CLS80000006)
32faeba122444e,MANTENIMIENTO REDES ZONA (CLS53000220),TRANSMISION Y DISTRIBUCION (CLS80000008)
f78e6b1b2a0c46,CANAL PAP (CLS53000430),COMERCIAL (CLS80000004)
7ef66072e25e4f,CONFIABILIDAD MEDICION (CLS53000251),TRANSMISION Y DISTRIBUCION (CLS80000008)
8ea9dd08a9664b,VENTAS NUEVOS NEGOCIOS (CLS53000062),CELSIA CENTROAMERICA (CLS80000009)
ee27617326294e,GERENCIA DMA (CLS52000023),CELSIA CENTROAMERICA (CLS80000009)
637e9997bf9649,SST PROCESOS DE NEGOCIO (CLS53000340),TALENTO HUMANO Y SOLUCIONES ORGANIZACIONALES (CLS80000007)
9a5f22f2a71b4a,OBRAS CIVILES PROYECTOS (CLS53000036),GENERACION (CLS80000006)
49a5b8ab46664d,TECNOLOGIA (CLS51000727),TALENTO HUMANO Y SOLUCIONES ORGANIZACIONALES (CLS80000007)
7d7b4e5697594c,INTERVENTORIA TYD (CLS53000569),TRANSMISION Y DISTRIBUCION (CLS80000008)
c4617c17596047,CIUDADES (CLS51000670),COMERCIAL (CLS80000004)
519d9d27e5b447,CRECIMIENTO RED Y MULTISERVICIOS (CLS53000031),TRANSMISION Y DISTRIBUCION (CLS80000008)
4fbdbfe2754144,GESTION SERVICIOS (CLS53000391),TALENTO HUMANO Y SOLUCIONES ORGANIZACIONALES (CLS80000007)
87c80cad16de43,NEGOCIO REGULADO (CLS51000656),ASUNTOS REGULATORIOS (CLS80000003)
db21c38a94e843,PROYECTO NIVEL DE TENSION 1 (CLS53000433),TRANSMISION Y DISTRIBUCION (CLS80000008)
fa14e718c47e4b,MANTENIMIENTO TYD Y CONTROL DE ENERGIA (CLS51000659),TRANSMISION Y DISTRIBUCION (CLS80000008)
573c61a7a3c240,CENTRO DE OPERACIONES TECNOLOGIA (CLS53000535),TALENTO HUMANO Y SOLUCIONES ORGANIZACIONALES (CLS80000007)
5dc7540c6a234f,REDES MTBT (CLS53000235),TRANSMISION Y DISTRIBUCION (CLS80000008)
f7b09dc94d4340,REDES MTBT (CLS53000225),TRANSMISION Y DISTRIBUCION (CLS80000008)
8b7f43f928964b,PLANEACION DEL MANTENIMIENTO TYD (CLS51000661),TRANSMISION Y DISTRIBUCION (CLS80000008)
5c8a4b0c6f6e43,GESTION TECNICA MECANICA CENTRALES (CLS53000390),GENERACION (CLS80000006)
376dcc1e98f44c,GESTION DE ENERGIA Y PERDIDAS (CLS51000854),TRANSMISION Y DISTRIBUCION (CLS80000008)
956c9a176d164c,PERDIDAS DE ENERGIA ZONA (CLS53000222),TRANSMISION Y DISTRIBUCION (CLS80000008)
02ee34bfa26347,PROTECCIONES Y TELECONTROL TYD (CLS51000883),TRANSMISION Y DISTRIBUCION (CLS80000008)
c0e4c7d1bced45,INFORMACION TECNICA (CLS53000431),TRANSMISION Y DISTRIBUCION (CLS80000008)
65aa2c2dd5d44f,ANALISIS CONTABLE (CLS53000247),FINANCIERA (CLS80000005)
ec6258bb99ee44,GESTION TECNICA CIVIL CENTRALES (CLS53000388),GENERACION (CLS80000006)
50fadd8e365045,PROYECTO SAPIENCIA (CLS51000675),FINANCIERA (CLS80000005)
af822ddb0ba243,EXPERIENCIA DEL COLABORADOR (CLS53000322),TALENTO HUMANO Y SOLUCIONES ORGANIZACIONALES (CLS80000007)
872ae934ae5645,PROYECTOS TECNOLOGIA (CLS53000020),TALENTO HUMANO Y SOLUCIONES ORGANIZACIONALES (CLS80000007)
29f46b4abec040,OPERACION CANALES DE SERVICIO (CLS53000451),TALENTO HUMANO Y SOLUCIONES ORGANIZACIONALES (CLS80000007)
194a11d050dd42,PERDIDAS DE ENERGIA ZONA (CLS53000218),TRANSMISION Y DISTRIBUCION (CLS80000008)
9af77f6a16874a,CIENCIA DE DATOS (CLS53000237),INNOVACION (CLS80000021)
6e63d9f943ea47,MEDIDA CENTRALIZADA Y ESPECIAL REDUCCION DE PERDIDAS (CLS53000426),TRANSMISION Y DISTRIBUCION (CLS80000008)
59934942833f4c,OPERACION Y MANTENIMIENTO TECNOLOGIA NEGOCIOS (CLS53000464),TALENTO HUMANO Y SOLUCIONES ORGANIZACIONALES (CLS80000007)
c8b7a1e9564c4a,INFORMACION TECNICA Y GIS CORPORATIVO (CLS53000404),TRANSMISION Y DISTRIBUCION (CLS80000008)
3feda7edb87d46,EXPERIENCIAS DE SERVICIO I (CLS53000303),COMERCIAL (CLS80000004)
6ae905f79f5649,PERDIDAS DE ENERGIA ZONA (CLS53000219),TRANSMISION Y DISTRIBUCION (CLS80000008)
a5cb1ea345c44c,EXPERIENCIAS DE SERVICIO I (CLS53000305),COMERCIAL (CLS80000004)
b21f81893f5542,VENTAS PAP INTERNET (CLS53000555),TALENTO HUMANO Y SOLUCIONES ORGANIZACIONALES (CLS80000007)
8db5b73f2a444a,OPERACION DE LA MEDIDA ZONA (CLS53000268),TRANSMISION Y DISTRIBUCION (CLS80000008)
07114966486b4e,CRECIMIENTO DE RED MTBT (CLS53000271),TRANSMISION Y DISTRIBUCION (CLS80000008)
608d9050f9264c,CONTACT CENTER INTERNET (CLS53000521),TALENTO HUMANO Y SOLUCIONES ORGANIZACIONALES (CLS80000007)
21d710cab78741,MANTENIMIENTO TYD ZONA (CLS53000261),TRANSMISION Y DISTRIBUCION (CLS80000008)
d392a6b6b98547,DESARROLLO MODELOS DE SERVICIO (CLS53000190),COMERCIAL (CLS80000004)
3451439c68374c,MEDIDA CENTRALIZADA Y ESPECIAL REDUCCION DE PERDIDAS (CLS53000040),TRANSMISION Y DISTRIBUCION (CLS80000008)
46d5e18451df4b,PROYECTO REDUCCION DE PERDIDAS (CLS53000039),TRANSMISION Y DISTRIBUCION (CLS80000008)
484dafe55ba049,PMO Y PROSPECTIVA DE NEGOCIO TYD (CLS51000858),TRANSMISION Y DISTRIBUCION (CLS80000008)
558bc3e2ed174a,CRECIMIENTO DE RED Y MULTISERVICIOS ZONA (CLS53000230),TRANSMISION Y DISTRIBUCION (CLS80000008)
20967ea411dd4d,EXPERIENCIAS DE SERVICIO I (CLS53000304),COMERCIAL (CLS80000004)
8bd3d797ab7a4b,UNIDAD FUNCIONAL TMSA (CLS53000332),COMERCIAL (CLS80000004)
472539753d5946,GESTION DE APLICACIONES OPERACION TYD (CLS53000506),TRANSMISION Y DISTRIBUCION (CLS80000008)
28f0b593ad6d44,ASEGURAMIENTO DEL SERVICIO POSTVENTA (CLS53000334),COMERCIAL (CLS80000004)
396476dd6e5c4d,PROTECCION Y TELECONTROL ZONA (CLS53000410),TRANSMISION Y DISTRIBUCION (CLS80000008)
e891dbcdf43d45,EXPERIENCIAS DE SERVICIO I (CLS53000302),COMERCIAL (CLS80000004)
0b719087f0254a,PROYECTO TESORITO (CLS53000425),GENERACION (CLS80000006)
cd1b8f547f454b,VENTAS ZONA (CLS53000442),COMERCIAL (CLS80000004)
9e6d5e92444844,PROYECTOS NUEVOS NEGOCIOS TYD (CLS51000899),TRANSMISION Y DISTRIBUCION (CLS80000008)
bf2e858d44c34d,LOGISTICA Y OPERACIONES RETAIL (CLS53000452),FINANCIERA (CLS80000005)
8c138f02d58f4e,SUBESTACIONES (CLS53000228),TRANSMISION Y DISTRIBUCION (CLS80000008)
22d00c8fd1364b,REDES MTBT II (CLS53000226),TRANSMISION Y DISTRIBUCION (CLS80000008)
4b75e417596843,PROYECTO REDUCCION DE PERDIDAS ZONA (CLS53000039),TRANSMISION Y DISTRIBUCION (CLS80000008)
31eac46dd9be40,SUBESTACIONES (CLS53000405),TRANSMISION Y DISTRIBUCION (CLS80000008)
714732bd5e2f40,INFORMACION TECNICA (CLS53000432),TRANSMISION Y DISTRIBUCION (CLS80000008)
3e16ac26b39d4c,PERDIDAS DE ENERGIA ZONA (CLS53000223),TRANSMISION Y DISTRIBUCION (CLS80000008)
5b5af2b353554d,EQUIPOS MECANICOS PROYECTOS (CLS53000551),GENERACION (CLS80000006)
afa4de64832440,PROYECTOS FOTOVOLTAICOS HN (CLS53000470),CELSIA CENTROAMERICA (CLS80000009)
982fd063798b41,GESTION Y DESARROLLO PROVEEDORES (CLS51000780),FINANCIERA (CLS80000005)
a6eb60d201434e,NUEVOS NEGOCIOS PAIS (CLS53000086),CELSIA CENTROAMERICA (CLS80000009)
170bee9684db4e,OPERACION Y MANTENIMIENTO TECNOLOGIA (CLS53000461),TALENTO HUMANO Y SOLUCIONES ORGANIZACIONALES (CLS80000007)
a79c5983e43444,CELSIA,Miembros de Junta
4fc7870f8f644a,LOGISTICA (CLS53000012),FINANCIERA (CLS80000005)
206afc42b0954c,PROYECTO SAN ANDRES (CLS53000000),GENERACION (CLS80000006)
e8d2804592f24d,PERDIDAS DE ENERGIA ZONA (CLS53000365),TRANSMISION Y DISTRIBUCION (CLS80000008)
115c9dd375cc41,PROTECCIONES E INSTRUMENTACION CENTRALES (CLS51000843),GENERACION (CLS80000006)
42efcb6d30ba46,MANTENIMIENTO REDES ZONA (CLS53000229),TRANSMISION Y DISTRIBUCION (CLS80000008)
19df7763085c4d,MANTENIMIENTO REDES Y SUBESTACIONES ZONA (CLS53000274),TRANSMISION Y DISTRIBUCION (CLS80000008)
f05dd59d08e34a,VENTAS PAP INTERNET (CLS53000543),TALENTO HUMANO Y SOLUCIONES ORGANIZACIONALES (CLS80000007)
a4d4755ecab54f,COMUNICACIONES Y CONTENIDOS (CLS51000485),ASUNTOS CORPORATIVOS (CLS80000002)
aaa88bce200049,MULTISERVICIOS (CLS53000094),TRANSMISION Y DISTRIBUCION (CLS80000008)
9323ad8a9bb440,TRANSACCIONES DE ENERGIA (CLS53000256),TRANSMISION Y DISTRIBUCION (CLS80000008)
740643a9fb0d49,VENTAS ZONA NEGOCIO CIUDADES Y SECTOR PUBLICO (CLS53000313),COMERCIAL (CLS80000004)
b895306988a84e,SUBESTACIONES (CLS53000224),TRANSMISION Y DISTRIBUCION (CLS80000008)
b5f3fe5d371a40,MANTENIMIENTO SUBESTACIONES ZONA (CLS53000400),TRANSMISION Y DISTRIBUCION (CLS80000008)
d87a4d6e6dac45,PROTECCION Y TELECONTROL ZONA (CLS53000259),TRANSMISION Y DISTRIBUCION (CLS80000008)
20ae26f4bbf245,EJECUCION Y OPERACION DE PROYECTOS EFICIENCIA ENERGETICA (CLS53000468),COMERCIAL (CLS80000004)
0b9123af27f043,GESTION TECNICA ELECTRICA CENTRALES (CLS53000389),GENERACION (CLS80000006)
1a7ace3503fb4b,GESTION RECURSOS CENTRAL TERMICA (CLS53000549),GENERACION (CLS80000006)
1329f8d63c3e40,INGENIERIA TECNOLOGIA (CLS53000460),TALENTO HUMANO Y SOLUCIONES ORGANIZACIONALES (CLS80000007)
06ac7a984f4e4d,GESTION DOCUMENTAL (CLS53000162),TRANSMISION Y DISTRIBUCION (CLS80000008)
1eb60e07638743,REDES MTBT (CLS53000363),TRANSMISION Y DISTRIBUCION (CLS80000008)
7d36351d07d248,GERENCIA DE DISTRIBUCION TOLIMA (CLS53000125),TRANSMISION Y DISTRIBUCION (CLS80000008)
307c7c92806c4a,SOCIAL PROYECTOS GENERACION (CLS53000208),GENERACION (CLS80000006)
90f3a196550a45,DESARROLLO SOFTWARE (CLS53000245),TALENTO HUMANO Y SOLUCIONES ORGANIZACIONALES (CLS80000007)
dddb8c6a5c8f46,CANAL DIGITAL (CLS53000439),COMERCIAL (CLS80000004)
5139d478361d4a,OPERACION (CLS53000349),TRANSMISION Y DISTRIBUCION (CLS80000008)
a86e1f2696c94f,MEDICINA LABORAL (CLS53000480),TALENTO HUMANO Y SOLUCIONES ORGANIZACIONALES (CLS80000007)
